{"cameraMode":{"drawMode":0,"name":"Shaded","section":"Shading Mode"},"sceneLighting":true,"audioPlay":false,"sceneViewState":{"showFog":true,"showMaterialUpdate":false,"showSkybox":true,"showFlares":true,"showImageEffects":true,"showParticleSystems":true},"in2DMode":false,"pivot":{"x":-1.6120455265045167,"y":3.019394874572754,"z":26.68099594116211},"rotation":{"x":-0.0018859220435842872,"y":0.9899859428405762,"z":-0.14052000641822816,"w":-0.013358285650610924},"size":12.376357078552246,"orthographic":false}